    INSERT INTO `alumno` (`alumnoID`, `fechaNac`, `apellidos`, `direccion`, `documento`, `email`, `nombre`, `telefono`) VALUES
    (12, '2000-02-05', 'Picapiedra', 'C/ Infinito', '12345678V', 'p.p@gmail.es', 'Pedro', '652348957'),
    (13, '2005-11-15', 'Palomo', 'c/ Las Heras', '12345678A', 'jp@hotmail.es', 'Juan', '632489587'),
    (15, '2000-11-11', 'Arias Noble', 'C/ Gloria Fuertes, 23, Sevilla', '12345678A', 'san@gmail.es', 'Sonia', '123456789'),
    (16, '2000-11-11', 'Langa Bru', 'C/ Andrés Gil, 52, Córdoba', '12345678N', 'mlb@gmail.es', 'Mia', '123455689'),
    (17, '1999-09-09', 'Garcia', 'C/ Mayor 10', '87654321C', 'luis.garcia@yahoo.es', 'Luis', '876543210'),
    (18, '1975-11-11', 'Gil Ortuño', 'C/ Los Girasoles, 123, Madrid', '12345678A', 'a@gmail.com', 'Antonia', '658951247'),
    (19, '2000-11-11', 'Ortíz Navarro', 'Los Olmos, 58, Cáceres', '12345678A', 'Juan_ON@gmail.es', 'Juan', '632589956'),
    (20, '2001-11-11', 'Olmos García', 'Las Heras, 52, Toledo', '12345678A', 'pedro_olmos25@gmail.es', 'Pedro', '654932111'),
    (21, '1997-05-19', 'Moreno', 'C/ Amarilla 5', '43210987G', 'jorge.moreno@hotmail.es', 'Jorge', '432109876'),
    (22, '2001-12-01', 'Ruiz', 'C/ Roja 9', '32109876H', 'lucia.ruiz@yahoo.es', 'Lucia', '321098765'),
    (23, '1996-08-23', 'Gomez', 'C/ Blanca 11', '21098765I', 'alberto.gomez@gmail.com', 'Alberto', '210987654'),
    (26, '2001-04-22', 'Fernandez', 'C/ Libertad 12', '98765432B', 'ana.fernandez@hotmail.com', 'Ana', '987654321'),
    (28, '2003-12-30', 'Lopez', 'C/ Sol 8', '76543210D', 'marta.lopez@gmail.com', 'Marta', '765432109'),
    (29, '1998-07-14', 'Diaz', 'C/ Verde 14', '65432109E', 'carlos.diaz@outlook.es', 'Carlos', '654321098'),
    (30, '2002-03-11', 'Martinez', 'C/ Azul 2', '54321098F', 'laura.martinez@gmail.com', 'Laura', '543210987');



    INSERT INTO `pago` (`alumnoID`, `fecha`, `pagoID`, `periodo`) VALUES
    (12, '2024-10-10', 1, 'ENE2020'),
    (12, '2024-10-10', 2, 'ENE2023'),
    (13, '2024-04-05', 3, 'FEB2020'),
    (13, '2023-05-05', 4, 'MAY2023'),
    (13, '2024-05-05', 6, 'MAY2024'),
    (12, '2024-05-06', 7, 'ENE2024'),
    (12, '2024-11-11', 8, 'FEB2020'),
    (12, '2003-05-05', 9, 'ENE2013'),
    (16, '2024-06-15', 10, 'JUN2024'),
    (17, '2024-01-22', 11, 'ENE2024'),
    (18, '2024-03-10', 12, 'FEB2024'),
    (16, '2024-08-05', 13, 'AGO2024'),
    (17, '2024-02-18', 14, 'FEB2024'),
    (18, '2024-09-23', 15, 'SEP2024'),
    (19, '2024-07-15', 16, 'JUL2024'),
    (20, '2024-08-22', 17, 'AGO2024'),
    (21, '2024-09-10', 18, 'SEP2024'),
    (22, '2024-10-05', 19, 'OCT2024'),
    (23, '2024-11-18', 20, 'NOV2024'),
    (19, '2024-12-05', 21, 'DIC2024'),
    (20, '2025-01-15', 22, 'ENE2025'),
    (21, '2025-02-20', 23, 'FEB2025'),
    (22, '2025-03-25', 24, 'MAR2025'),
    (23, '2025-04-30', 25, 'ABR2025');




    INSERT INTO `profesor` (`fechaNac`, `profesorID`, `apellidos`, `direccion`, `documento`, `email`, `nombre`, `telefono`) VALUES
    ('2000-05-12', 1, 'Gil Moya', 'C/ Alameda, 5, 03155, Valladolid', '12345678X', 'pedro.gil.moya@hotmail.es', 'Pedro', '966578134'),
    ('1985-07-25', 2, 'Martín Pérez', 'C/ Mayor, 10, 08015, Barcelona', '23456789Y', 'laura.martin.perez@gmail.com', 'Laura', '933574210'),
    ('2000-11-11', 3, 'López', 'C/ Piedad', '12345678A', 'ml@gmail.es', 'María', '123456789'),
    ('1988-02-22', 4, 'Sánchez Rodríguez', 'C/ San Antonio, 4, 14003, Córdoba', '45678901A', 'carlos.sanchez.rodri@yahoo.com', 'Carlos', '957123456'),
    ('1995-11-03', 5, 'Fernández López', 'C/ Fuenlabrada, 22, 28022, Madrid', '56789012B', 'ana.fernandez.lopez@gmail.com', 'Ana', '912345678'),
    ('1983-04-15', 6, 'Martínez Díaz', 'Plaza Mayor, 8, 29001, Málaga', '67890123C', 'javier.martinez.diaz@outlook.com', 'Javier', '951876543'),
    ('1991-09-29', 7, 'González Sánchez', 'C/ del Sol, 3, 50001, Zaragoza', '78901234D', 'maria.gonzalez.sanchez@msn.com', 'Maria', '976123456'),
    ('1986-03-06', 8, 'Ramírez Jiménez', 'Av. de la Constitución, 14, 46001, Valencia', '89012345E', 'luis.ramirez.jimenez@outlook.com', 'Luis', '961234567'),
    ('1993-10-22', 9, 'Hernández García', 'C/ La Paz, 12, 41010, Sevilla', '90123456F', 'raquel.hernandez.garcia@hotmail.com', 'Raquel', '954876543'),
    ('1989-12-10', 10, 'Moreno Pérez', 'C/ Castilla, 45, 08036, Barcelona', '01234567G', 'miguel.moreno.perez@gmail.com', 'Miguel', '934567890'),
    ('1997-08-01', 11, 'Jiménez Ruiz', 'C/ El Greco, 11, 12001, Castellón', '12345679H', 'sofia.jimenez.ruiz@gmail.com', 'Sofia', '964567890'),
    ('1990-11-25', 12, 'Díaz Rodríguez', 'C/ Antonio Machado, 7, 28001, Madrid', '23456780I', 'jose.diaz.rodriguez@hotmail.com', 'José', '915678901'),
    ('1987-02-14', 13, 'Pérez Castro', 'C/ Bravo Murillo, 19, 28039, Madrid', '34567881J', 'beatriz.perez.castro@gmail.com', 'Beatriz', '913456789'),
    ('1994-04-20', 14, 'García González', 'C/ de la Reina, 8, 29010, Málaga', '45678902K', 'francisco.garcia.gonzalez@yahoo.com', 'Francisco', '952345678'),
    ('1982-01-11', 15, 'Álvarez Moreno', 'Av. de los Reyes, 21, 50001, Zaragoza', '56789013L', 'elena.alvarez.moreno@gmail.com', 'Elena', '976543210'),
    ('1993-06-03', 16, 'Lozano Ruiz', 'C/ Alcalá, 6, 28014, Madrid', '67890124M', 'antonio.lozano.ruiz@hotmail.com', 'Antonio', '910123456'),
    ('1984-07-28', 17, 'Gómez Fernández', 'C/ La Victoria, 18, 41005, Sevilla', '78901235N', 'silvia.gomez.fernandez@gmail.com', 'Silvia', '954234567'),
    ('1987-09-12', 18, 'Rodríguez López', 'Plaza del Pilar, 3, 50002, Zaragoza', '89012346O', 'david.rodriguez.lopez@outlook.com', 'David', '976876543'),
    ('1995-12-06', 19, 'Vázquez Martínez', 'C/ Virgen del Carmen, 9, 28030, Madrid', '90123457P', 'patricia.vazquez.martinez@hotmail.com', 'Patricia', '912876543'),
    ('1988-11-15', 20, 'Castro Sánchez', 'C/ Prado, 13, 28045, Madrid', '01234568Q', 'ricardo.castro.sanchez@gmail.com', 'Ricardo', '915432109'),
    ('1986-04-29', 21, 'Díaz Fernández', 'C/ del Mar, 17, 28009, Madrid', '12345670R', 'carmen.diaz.fernandez@gmail.com', 'Carmen', '913876543'),
    ('1990-05-18', 22, 'Vera González', 'C/ Santa Teresa, 11, 41003, Sevilla', '23456781S', 'victor.vera.gonzalez@outlook.com', 'Victor', '954765432'),
    ('1996-07-23', 23, 'Mendoza Ruiz', 'C/ Hortaleza, 3, 28004, Madrid', '34567892T', 'ines.mendoza.ruiz@hotmail.com', 'Inés', '911234567'),
    ('1989-09-12', 24, 'García Fernández', 'Av. de América, 5, 28028, Madrid', '45678903U', 'fernando.garcia.fernandez@gmail.com', 'Fernando', '913456123'),
    ('1992-02-01', 25, 'Serrano García', 'C/ Goya, 25, 08007, Barcelona', '56789014V', 'martin.serrano.garcia@msn.com', 'Martín', '933212345'),
    ('1985-03-28', 26, 'Fuentes Pérez', 'Plaza de España, 15, 29005, Málaga', '67890125W', 'alicia.fuentes.perez@gmail.com', 'Alicia', '951123987'),
    ('1991-06-14', 27, 'Jiménez González', 'C/ de la Palma, 12, 41002, Sevilla', '78901236X', 'jorge.jimenez.gonzalez@outlook.com', 'Jorge', '954321678'),
    ('1984-12-11', 28, 'García López', 'C/ Miguel Ángel, 8, 28010, Madrid', '89012347Y', 'marta.garcia.lopez@gmail.com', 'Marta', '914567890'),
    ('1989-08-22', 29, 'Morales Sánchez', 'C/ del Sol, 21, 08002, Barcelona', '90123458Z', 'raul.morales.sanchez@yahoo.com', 'Raúl', '934876543'),
    ('1993-11-07', 30, 'Ríos Martín', 'C/ Ramón y Cajal, 10, 28003, Madrid', '01234569A', 'beatriz.rios.martin@gmail.com', 'Beatriz', '912345123'),
    ('1982-10-30', 31, 'Cordero López', 'C/ Las Palmas, 2, 41004, Sevilla', '12345671B', 'adrian.cordero.lopez@hotmail.com', 'Adrián', '955678901'),
    ('1996-03-09', 32, 'Bermúdez Jiménez', 'C/ del Río, 14, 08003, Barcelona', '23456782C', 'paula.bermudez.jimenez@gmail.com', 'Paula', '933112233'),
    ('1990-12-01', 33, 'Ponce García', 'Av. de la Paz, 19, 14001, Córdoba', '34567893D', 'hector.ponce.garcia@yahoo.com', 'Héctor', '957234567'),
    ('1988-06-05', 34, 'Castillo López', 'C/ Arenal, 16, 28001, Madrid', '45678904E', 'susana.castillo.lopez@gmail.com', 'Susana', '913876123'),
    ('1991-04-19', 35, 'Rodríguez Pérez', 'C/ Valencia, 8, 46001, Valencia', '56789015F', 'felipe.rodriguez.perez@hotmail.com', 'Felipe', '961234567'),
    ('1987-01-14', 36, 'Muñoz Sánchez', 'C/ de la Lira, 22, 28027, Madrid', '67890126G', 'nuria.munoz.sanchez@gmail.com', 'Nuria', '912567890'),
    ('1992-09-02', 37, 'López Jiménez', 'C/ Los Álamos, 10, 29003, Málaga', '78901237H', 'tomas.lopez.jimenez@gmail.com', 'Tomás', '951876543'),
    ('1984-05-22', 38, 'Pérez Gómez', 'C/ Santa Cruz, 6, 08002, Barcelona', '89012348I', 'ricardo.perez.gomez@outlook.com', 'Ricardo', '933876543'),
    ('1990-10-16', 39, 'Ortiz Martínez', 'C/ Sabatini, 5, 28008, Madrid', '90123459J', 'eva.ortiz.martinez@gmail.com', 'Eva', '915432987'),
    ('1989-08-29', 40, 'Álvarez Ruiz', 'C/ La Palmera, 11, 41001, Sevilla', '01234570K', 'marcelo.alvarez.ruiz@hotmail.com', 'Marcelo', '954678234'),
    ('1987-04-02', 41, 'Martín Fernández', 'C/ Pinar, 4, 28013, Madrid', '12345672L', 'noelia.martin.fernandez@gmail.com', 'Noelia', '913123456'),
    ('1994-12-11', 42, 'Giménez López', 'C/ Castaño, 3, 46003, Valencia', '23456783M', 'monica.gimenez.lopez@hotmail.com', 'Mónica', '961765432'),
    ('1995-07-05', 43, 'Torres Álvarez', 'C/ Barrera, 17, 14006, Córdoba', '34567894N', 'raul.torres.alvarez@gmail.com', 'Raúl', '957678912'),
    ('1986-03-30', 44, 'Romero García', 'Av. de la Libertad, 25, 50003, Zaragoza', '45678905O', 'juliana.romero.garcia@hotmail.com', 'Juliana', '976234567'),
    ('1991-05-13', 45, 'Pérez Navarro', 'C/ del Carmen, 14, 28007, Madrid', '56789016P', 'nicolas.perez.navarro@gmail.com', 'Nicolás', '912876543'),
    ('1987-09-30', 46, 'Hernández Ruiz', 'C/ Santa María, 9, 41008, Sevilla', '67890127Q', 'cristina.hernandez.ruiz@gmail.com', 'Cristina', '954765890'),
    ('1989-12-20', 47, 'Moya Gómez', 'C/ Juan de la Cierva, 3, 28016, Madrid', '78901238R', 'david.moya.gomez@outlook.com', 'David', '913123789'),
    ('1990-01-14', 48, 'Navarro Sánchez', 'C/ Pérez Galdós, 18, 08015, Barcelona', '89012349S', 'cecilia.navarro.sanchez@hotmail.com', 'Cecilia', '934567890'),
    ('1992-06-08', 49, 'Rodríguez Fernández', 'C/ de los Abetos, 2, 28025, Madrid', '90123460T', 'oscar.rodriguez.fernandez@gmail.com', 'Óscar', '915876543'),
    ('1993-03-16', 50, 'Serrano Sánchez', 'C/ Rosales, 10, 28014, Madrid', '01234571U', 'luz.serrano.sanchez@hotmail.com', 'Luz', '912345678'),
    ('1992-01-18', 51, 'López García', 'Av. Gran Vía, 12, 41001, Sevilla', '34567890Z', 'juan.lopez.garcia@outlook.com', 'Juan', '954671234');




    INSERT INTO `curso` (`capacidad`, `cuota`, `cursoID`, `profesorID`, `descripcion`, `horario`, `nombre`) VALUES
    (20, 50, 3, 1, 'Curso Intensivo', 'L9', 'Intensivo B1 L9'),
    (3, 20, 4, 1, 'Curso A1', 'M10', 'Intensivo A1 M10'),
    (16, 32, 7, 3, 'Curso de Ingles general para niños de 5-7 años', 'X19', 'General Infantil 2024 X19'),
    (10, 30, 8, 50, 'Curso Avanzado', 'J18', 'Avanzado C1 J18'),
    (12, 20, 9, 30, 'Curso de Conversación', 'M17', 'Conversación B2 M17'),
    (18, 70, 10, 40, 'Curso de Preparación para el B2', 'V20', 'Preparación B2 V20'),
    (3, 5, 11, 1, 'Curso Inglés Prueba preparatoria, grupo de 3 alumnos. Cuota de 5€/sesión. En Horario de Martes de 20 a 21', 'M20', 'Prueba M20'),
    (25, 50, 12, 5, 'Curso Inglés Infantil 6-9 años, grupo de 25 alumnos. Cuota de 50€/mes. En Horario de Jueves de 21 a 22', 'J21', 'infantil 25 J21'),
    (20, 55, 13, 3, 'Curso Inglés Inicial Adultos, grupo de 20 alumnos. Cuota de 55€/mes. En Horario de Miércoles de 12 a 13', 'X12', 'Inicial X12'),
    (12, 30, 21, 31, 'Curso Avanzado B2', 'X13', 'Avanzado B2 X13'),
    (20, 30, 22, 44, 'Curso Intensivo C1', 'L18', 'Intensivo C1 L18'),
    (15, 40, 23, 50, 'Curso de Conversación C1', 'X10', 'Conversación C1 X10'),
    (22, 60, 25, 33, 'Curso de Preparación para el C1', 'X9', 'Preparación C1 X9');


    INSERT INTO `nota` (`alumnoID`, `cursoID`, `nota`, `notaID`, `evaluacion`) VALUES
    (13, 3, 5.25, 2, '1ª EV'),
    (12, 4, 7.63, 4, '3ª EV'),
    (12, 4, 9.75, 5, 'FINAL'),
    (12, 4, 8.95, 6, '1ª EV'),
    (16, 3, 5.25, 7, '1ª EV'),
    (13, 3, 4, 10, 'FINAL'),
    (16, 8, 7, 11, '1ª EV'),
    (16, 9, 8.5, 12, 'FINAL'),
    (17, 8, 9, 13, '1ª EV'),
    (18, 10, 6.5, 14, '1ª EV'),
    (18, 9, 4, 15, 'FINAL'),
    (19, 11, 7.8, 16, '2ª EV'),
    (21, 13, 9.3, 18, '1ª EV'),
    (22, 7, 5.7, 19, '2ª EV'),
    (23, 8, 8.4, 20, '1ª EV'),
    (21, 9, 9, 23, 'FINAL'),
    (22, 21, 7.5, 24, '2ª EV'),
    (23, 11, 8.2, 25, '1ª EV');



    INSERT INTO `cursoalumno` (`alumnoID`, `cursoID`) VALUES
    (13, 4),
    (13, 3),
    (12, 4),
    (16, 3),
    (15, 3),
    (15, 7),
    (18, 3),
    (18, 11),
    (20, 7),
    (16, 8),
    (17, 9),
    (18, 10),
    (16, 9),
    (17, 8),
    (18, 9),
    (19, 11),
    (20, 12),
    (21, 13),
    (22, 25),
    (23, 8),
    (19, 12),
    (20, 13),
    (21, 4),
    (22, 7),
    (23, 11);

